劣化名,2文字,読み
ALC欠損,Aけ,ALCけっそんめじひびわれ えーえるしーけっそん
CB壁亀裂,Cき,CBかべきれつ しーびーきれつ
CB壁欠損,Cけ,CBかべけっそん しーびーかべけっそん
CB壁ひび割れ,Cひ,CBかべひびわれ しーびー
CB壁ひび割れ欠損,Cひ,CBかべひびわれけっそん しーびー
CB塀亀裂,Cき,CBへいきれつ しーびー
CB塀欠損,Cけ,CBへいけっそん しーびー
CB塀欠損塀ズレ,Cけ,CBへいけっそんへいずれ しーびー
CB塀隙間,Cす,CBへいすきま しーびーへいすきま
CB塀爆裂,Cば,CBへいばくれつ しーびー
CB塀破損,Cは,CBへいはそん しーびー
CB塀破損倒れ,Cは,CBへいはそんたおれ しーびーへいはそんたおれ
CB塀白華,Cは,CBへいはっか しーびーへいはっか
CB塀白華ずれ,Cは,CBへいはっかずれ しーびーへいはっかずれ
CB塀控え壁なし,Cひ,CBへいひかえかべなし しーびーへいひかえかべなし
CB塀ひび割れ,Cひ,CBへいひびわれ しーびーへいひびわれ
CB塀法不適合,Cほ,CBへいほうふてきごう しーびーへいほうふてきごう
CB塀補修跡ひび割れ,Cほ,CBへいほしゅうあとひびわれ しーびーへいほしゅうあとひびわれ
EXP.Jシーリングなし,Eし,EXP.Jしーりんぐなし えきすぱんしーりんぐなし
EXP.Jシーリング劣化,Eし,EXP.Jしーりんぐれっか えきすぱんしーりんぐれっか
EXP.J隙間,Eす,EXP.Jすきま えきすぱんすきま
EXP.J外れ,Eは,EXP.Jはずれ えきすぱんはずれ
EXP.Jプレートずれ,Eぷ,EXP.Jぷれーとずれ えきすぱんぷれーとずれ
EXPJ部シーリング劣化,Rし,EXPJぶしーりんぐれっか えきすぱんぶしーりんぐれっか
Pコン跡,P,Pこんあと ぴーこんあと
上裏爆裂,あば,あげうらばくれつ
上裏ひび割れ,あひ,あげうらひびわれ
上裏浮き,あう,あげうらうき
上裏欠損,あけ,あげうらけっそん
上裏露筋,あろ,あげうらろきん
上裏塗膜剥がれ,あと,あげうらとまくはがれ
上裏塗膜剥がれ白華,あと,あげうらとまくはがれはっか
上裏塗膜剥がれ浮き,あと,あげうらとまくはがれうき
上裏塗膜剥がれ漏水ひび割れ,あと,あげうらとまくはがれろうすいひびわれ
上裏塗膜浮き,あと,あげうらとまくうき
上裏塗膜浮き白華,あと,あげうらとまくうきはっか
上裏塗膜膨れ,あと,あげうらとまくふくれ
上裏塗り戻し箇所の鉄筋錆,あぬ,あげうらぬりもどしかしょのてっきんさび
上裏塗り戻し箇所の鉄筋錆ひび割れ,あぬ,あげうらぬりもどしかしょのてっきんさびひびわれ
上裏塗り戻し箇所鉄筋錆,あぬ,あげうらぬりもどしかしょてっきんさび
上裏塗り戻し箇所剥がれ,あぬ,あげうらぬりもどしかしょはがれ
上裏塗り戻し箇所爆裂,あぬ,あげうらぬりもどしかしょばくれつ
上裏塗り戻し鉄筋錆,あぬ,あげうらぬりもどしてっきんさび
上裏破損,あは,あげうらはそん
上裏白華,あは,あげうらじろはな
上裏梁爆裂,あば,あげうらはりばくれつ
上裏爆裂塗膜浮き,あば,あげうらばくれつとまくうき
上裏爆裂露筋,あば,あげうらばくれつろきん
上裏ひび割れ錆汁,あひ,あげうらひびわれさびじる
上裏ひび割れ塗膜剥がれ,あひ,あげうらひびわれとまくはがれ
上裏ひび割れ白華,あひ,あげうらひびわれはっか
上裏ひび割れ白華錆汁,あひ,あげうらひびわれはっかさびじる
上裏ひび割れ白華塗膜剥がれ,あひ,あげうらひびわれはっかとまくはがれ
上裏ひび割れ浮き,あひ,あげうらひびわれうき
上裏補修跡ひび割れ,あほ,あげうらほしゅうあとひびわれ
上裏補修跡ひび割れ浮き,あほ,あげうらほしゅうあとひびわれうき
上裏補修跡ひび割れ浮き鉄筋錆,あほ,あげうらほしゅうあとひびわれうきてっきんさび
上裏補修跡鉄筋錆,あほ,あげうらほしゅうあとてっきんさび
上裏補修跡爆裂,あほ,あげうらほしゅうあとばくれつ
上裏補修跡浮き,あほ,あげうらほしゅうあとうき
上裏補修跡露筋,あほ,あげうらほしゅうあとろきん
上裏補修跡露筋浮き,あほ,あげうらほしゅうあとろきんうき
上裏遊離石灰,あゆ,あげうらゆうりせっかい
上裏露筋仕上げ材剥がれ,あろ,あげうらろきんしあげざいはがれ
上裏露筋塗装剥がれ,あろ,あげうらろきんとそうはがれ
上裏露筋漏水ひび割れ,あろ,あげうらろきんろうすいひびわれ
上裏漏水ひび割れ,あろ,あげうらろうすいひびわれ
上裏漏水ひび割れ仕上げ材剥がれ,あろ,あげうらろうすいひびわれしあげざいはがれ
上裏漏水ひび割れ塗膜剥がれ,あろ,あげうらろうすいひびわれとまくはがれ
上裏漏水跡,あろ,あげうらろうすいあと
上裏漏水跡塗膜剥がれ,あろ,あげうらろうすいあととまくはがれ
上裏漏水塗膜剥がれ,あろ,あげうらろうすいとまくはがれ
アクリル板破損,あは,あくりるいたはそん
足洗い場コンクリートひび割れ,あひ,あしあらいいばこんくりーとひびわれ
アスファルト防水浮き,あう,あすふぁるとぼうすいうき
アスファルト舗装陥没,あか,あすふぁるとほそうかんぼつ
アスファルト舗装亀裂,あき,あすふぁるとほそうきれつ
アスファルト舗装亀裂地盤沈下,あき,あすふぁるとほそうきれつじばんちんか
アスファルト舗装欠損,あけ,あすふぁるとほそうけっそん
アスファルト舗装沈下,あち,あすふぁるとほそうちんか
アスファルト舗装ひび割れ,あひ,あすふぁるとほそうひびわれ
アスファルト舗装膨れ,あふ,あすふぁるとほそうふくれ
アスファルト舗装不陸,あふ,あすふぁるとほそうふりく
アスファルト舗装隆起,あり,あすふぁるとほそうりゅうき
東屋屋根破損,あは,あずまややねはそん
雨樋破損,あは,あまどいはそん
雨水枡落葉詰まり,あお,あまみずますおちばつまり
雨水桝陥没,あか,あまみずますかんぼつ
網入りガラス鉄線錆,あさ,あみいりりがらすてっせんさび
網入りガラス未使用,あみ,あみいりりがらすみしよう
網戸破損,あは,あみどはそん
網戸不良,あふ,あみどふりょう
洗い場ひび割れ,あひ,あらいばひびわれ
アルミサッシ変形,あへ,あるみさっしへんけい
安全柵錆,あさ,あんぜんさくさび
安全柵腐食,あふ,あんぜんさくふしょく
安全庇塗装剥がれ,あと,あんぜんひさしとそうはがれ
アンテナ避雷針支持金具腐食,あふ,あんてなひらいしんしじかなぐふしょく
アンテナ架台亀裂,あき,あんてなかだいきれつ
アンテナ架台爆裂,あば,あんてなかだいばくれつ
アンテナ金具外れ,あは,あんてなかなぐはずれ
アンテナ錆,あさ,あんてなさび
アンテナ支持金具錆,あさ,あんてなしじかなぐさび
アンテナ支持金具腐食,あふ,あんてなしじかなぐふしょく
アンテナ支線錆,あさ,あんてなしせんさび
アンテナ転倒,あて,あんてなてんとう
アンテナ止め金物錆,あさ,あんてなとめがねものさび
アンテナ破損,あは,あんてなはそん
アンテナ腐食,あふ,あんてなふしょく
アンテナベースプレート腐食,あふ,あんてなべーすぷれーとふしょく
案内板鉄部腐食脱落,あふ,あんないばんてつぶふしょくだつらく
犬走り亀裂,いき,いぬばしりりきれつ
犬走り沈下,いち,いぬばしりりちんか
犬走り欠損,いけ,いぬばしりりけっそん
犬走りひび割れ,いひ,いぬばしりりひびわれ
犬走り亀裂沈下,いき,いぬばしりりきれつちんか
犬走り沈下欠損,いち,いぬばしりりちんかけっそん
犬走り沈下欠損ひび割れ,いち,いぬばしりりちんかけっそんひびわれ
犬走り沈下ひび割れ,いち,いぬばしりりちんかひびわれ
犬走り露筋,いろ,いぬばしりりろきん
犬走り爆裂,いば,いぬばしりりばくれつ
犬走り破損,いは,いぬばしりりはそん
犬走りひび割れ浮き,いひ,いぬばしりりひびわれうき
犬走りひび割れ欠損,いひ,いぬばしりりひびわれけっそん
インターロッキング縁石崩壊,いほ,いんたーろっきんぐえんせきほうかい
インターロッキング陥没,いか,いんたーろっきんぐかんぼつ
インターロッキング沈下,いち,いんたーろっきんぐちんか
インターロッキング不陸,いふ,いんたーろっきんぐふりく
石積ズレ,いず,いしつみずれ
石積み擁壁ひび割れ,いひ,いしつみみようへきひびわれ
石積み擁壁ひび割れ欠損,いひ,いしつみみようへきひびわれけっそん
石積擁壁欠損,いけ,いしつみようへきけっそん
違法倉庫,,いほうそうこ
エラスタイト劣化,えれ,えらすたいとれっか
延焼の恐れがある部分にフロートガラス使用,えん,えんしょうのおそれがあるぶぶんにふろーとがらすしよう
延焼の恐れのある部分が防火設備となっていない,えん,えんしょうのおそれのあるぶぶんがぼうかせつびとなっていない
延焼の恐れのある部分の開口部にﾌﾛｰﾄガラスを使用,えん,えんしょうのおそれのあるぶぶんのかいこうぶにふろ゜とがらすをしよう
縁石欠損,えけ,えんせきけっそん
縁石隙間,えす,えんせきすきま
縁石破損,えは,えんせきはそん
煙突内側露筋,えろ,えんとつうちがわろきん
煙突口ひび割れ,えひ,えんとつくちひびわれ
煙突爆裂,えば,えんとつばくれつ
煙突白華,えは,えんとつはっか
煙突ひび割れ,えひ,えんとつひびわれ
屋外階段錆,おさ,おくがいかいだんさび
屋外階段鉄部錆,おさ,おくがいかいだんてつぶさび
屋上出入り口ドア腐食,おふ,おくじょうでいりくちどあふしょく
屋上点検口腐食,おふ,おくじょうてんけんくちさびふしょく
屋上点検口施錠なし,おせ,おくじょうてんけんくちせじょうなし
押さえコンクリートひび割れ,おひ,おさえこんくりーとひびわれ
落葉堆積,,おちばたいせき
母屋錆,おさ,おもやさび
折板屋根錆,せや,せっぱんやねさび
折板屋根腐食,せふ,せっぱんやねふしょく
階段ひび割れ,かひ,かいだんひびわれ
階段亀裂,かき,かいだんきれつ
階段破損,かは,かいだんはそん
開口部上裏爆裂,かば,かいこうぶあげうらばくれつ
開口塞ぎ板固定不良,かこ,かいこうふさぎいたこていふりょう
階段上裏ひび割れ,かひ,かいだんあげうらひびわれ
階段上裏ひび割れ浮き,かひ,かいだんあげうらひびわれうき
階段側桁漏水ひび割れ,かろ,かいだんがわけたろうすいひびわれ
階段基礎欠損,かけ,かいだんきそけっそん
階段亀裂浮き,かき,かいだんきれつうき
階段亀裂欠損,かき,かいだんきれつけっそん
階段区画なし,かく,かいだんくかくなし
階段蹴上破損,かは,かいだんけあげはそん
階段蹴込ひび割れ,かひ,かいだんけこみひびわれ
階段欠損,かけ,かいだんけっそん
階段コンクリート亀裂,かき,かいだんこんくりーときれつ
階段錆,かさ,かいだんさび
階段沈下,かち,かいだんちんか
階段露筋,かろ,かいだんろきん
階段手摺壁亀裂,かき,かいだんてすりかべきれつ
階段手摺壁露筋,かろ,かいだんてすりかべろきん
階段手摺壁塗膜浮き,かと,かいだんてすりかべぬりまくうき
階段手摺壁爆裂,かば,かいだんてすりかべばくれつ
階段手摺壁ひび割れ,かひ,かいだんてすりかべひびわれ
階段手摺基礎欠損,かけ,かいだんてすりきそけっそん
階段手摺錆,かさ,かいだんてすりさび
階段手摺なし,かて,かいだんてすりなし
階段手摺腐食,かふ,かいだんてすりふしょく
階段手摺未設置,かて,かいだんてすりみせつち
階段床モルタル欠損段差,かけ,かいだんとこもるたるけっそんだんさ
階段塗膜浮き,かと,かいだんとまくうき
階段塗膜剥がれ,かと,かいだんとまくはがれ
階段内壁亀裂,かき,かいだんないへききれつ
階段内壁塗膜剥がれ,かと,かいだんないへきとまくはがれ
階段白華,かは,かいだんはっか
階段ひび割れ浮き,かひ,かいだんひびわれうき
階段ひび割れ欠損,かひ,かいだんひびわれけっそん
階段ひび割れ白華,かひ,かいだんひびわれはっか
階段腐食,かふ,かいだんふしょく
階段踏面露筋,かろ,かいだんふみづらろきん
階段踏面爆裂,かば,かいだんふみづらばくれつ
階段室上裏爆裂,かば,かいだんむろかみうらばくれつ
カーテンレール破損,かは,かーてんれーるはそん
外壁浮き,がう,がいへきうき
外壁爆裂,がば,がいへきばくれつ
外壁ひび割れ,がひ,がいへきひびわれ
外壁網目状ひび割れ,があ,がいへきあみめじょうのひびわれ
外壁石張継手亀裂,がき,がいへきいしちょうつぎてきれつ
外壁浮き欠損,がう,がいへきうきけっそん
外壁亀裂,がき,がいへききれつ
外壁亀裂白華,がき,がいへききれつはっか
外壁欠損,がけ,がいへきけっそん
外壁錆汁,がさ,がいへきさびじる
外壁錆汁白華,がさ,がいへきさびじるはっか
外壁タイル浮き,がた,がいへきたいるうき
外壁タイル欠損,がた,がいへきたいるけっそん
外壁タイルひび割れ,がた,がいへきたいるひびわれ
外壁タイルひび割れ白華,がた,がいへきたいるひびわれはっか
外壁露筋,がろ,がいへきろきん
外壁塗膜浮き,がと,がいへきとまくうき
外壁塗膜剥がれ,がと,がいへきとまくはがれ
外壁塗膜剥がれ膨れ,がと,がいへきとまくはがれふくれ
外壁塗膜膨れ,がと,がいへきとまくふくれ
外壁爆裂面台欠損,がば,がいへきばくれつめんだいけっそん
外壁破損,がは,がいへきはそん
外壁破損巾木爆裂,がは,がいへきはそんはばきばくれつ
外壁白華,がは,がいへきはっか
外壁パネル外れ腐食,がぱ,がいへきぱねるはずれふしょく
外壁ひび割れ浮き,がひ,がいへきひびわれうき
外壁ひび割れ浮き欠損,がひ,がいへきひびわれうきけっそん
外壁ひび割れ浮き錆,がひ,がいへきひびわれうきさび
外壁ひび割れ浮き錆汁,がひ,がいへきひびわれうきさびじる
外壁ひび割れ浮き白華,がひ,がいへきひびわれうきはっか
外壁ひび割れ欠損,がひ,がいへきひびわれけっそん
外壁ひび割れ錆汁,がひ,がいへきひびわれさびじる
外壁ひび割れ錆汁浮き,がひ,がいへきひびわれさびじるうき
外壁ひび割れ露筋,がひ,がいへきひびわれろきん
外壁ひび割れ白華,がひ,がいへきひびわれはっか
外壁ひび割れ白華錆汁,がひ,がいへきひびわれはっかさびじる
外壁ひび割れ遊離石灰,がひ,がいへきひびわれゆうりせっかい
外壁補修跡浮き,がほ,がいへきほしゅうあとうき
外壁補修跡亀裂,がほ,がいへきほしゅうあときれつ
外壁補修跡爆裂,がほ,がいへきほしゅうあとばくれつ
外壁補修跡ひび割れ,がほ,がいへきほしゅうあとひびわれ
外壁補修跡ひび割れ浮き,がほ,がいへきほしゅうあとひびわれうき
外壁モルタル浮きひび割れ,がう,がいへきもるたるうきひびわれ
外壁モルタルひび割れ欠損,がひ,がいへきもるたるひびわれけっそん
外壁劣化,がれ,がいへきれっか
外壁漏水ひび割れ,がろ,がいへきろうすいひびわれ
外灯傾き,がか,がいとうかたむき
外灯カバーの外れ,がは,がいとうかばーのはずれ
外灯基礎ひび割れ,がひ,がいとうきそひびわれ
外灯錆,がさ,がいとうさび
外灯支柱錆,がさ,がいとうしちゅうさび
外灯支柱塗装剥がれ,がと,がいとうしちゅうとそうはがれ
外灯支柱腐食,がふ,がいとうしちゅうふしょく
外灯腐食,がふ,がいとうふしょく
外灯変形,がへ,がいとうへんけい
外灯ポール支柱錆,がさ,がいとうぽーるしちゅうさび
ガードフェンス変形,がへ,がーどふぇんすへんけい
ガードレール錆,がれ,がーどれーるさび
外部階段塗膜剥がれ錆,がと,がいぶかいだんとまくはがれさび
外部階段腐食による穴,がふ,がいぶかいだんふしょくによるあな
開閉器錆,かさ,かいへいうつわさび
鏡ひび割れ,かひ,かがみひびわれ
火気使用室にフロートガラス使用,かき,かきしようしつにふろーとがらすしよう
崖から土砂流出,がど,がけからどしゃりゅうしゅつ
笠木ひび割れ,かひ,かさぎひびわれ
笠木浮き,かう,かさぎうき
笠木欠損,かけ,かさぎけっそん
笠木爆裂,かば,かさぎばくれつ
笠木ひび割れ浮き,かひ,かさぎひびわれうき
笠木下端露筋,かろ,かさぎかたんろきん
笠木塗膜剥がれ,かと,かさぎとまくはがれ
笠木剥がれ,かは,かさぎはがれ
笠木剥落,かは,かさぎはくらく
ガス器具錆,がさ,がすきぐさび
ガスケット外れ,がは,がすけっとはずれ
ガスケット劣化,がれ,がすけっとれっか
ガスケット劣化破損,がれ,がすけっとれっかはそん
ガス配管塗装剥がれ,がと,がすはいかんとそうはがれ
架台コンクリート網目状のひび割れ,かあ,かだいこんくりーとあみめじょうのひびわれ
架台コンクリート上裏爆裂,かば,かだいこんくりーとあげうらばくれつ
架台コンクリートひび割れ浮き,かひ,かだいこんくりーとひびわれうき
架台爆裂,かば,かだいばくれつ
架台腐食,かふ,かだいふしょく
架台ボルト錆,かさ,かだいぼるとさび
花壇CB塀傾斜,かけ,かだんCBへいけいしゃ
花壇欠損,かけ,かだんけっそん
花壇ひび割れ,かひ,かだんひびわれ
花壇ひび割れ浮き,かひ,かだんひびわれうき
花壇目地開き,かめ,かだんめじひらき
花壇レンガひび割れ,かひ,かだんれんがひびわれ
可動扉開閉不良,かか,かどうとびらかいへいふりょう
金網錆,かさ,かなあみさび
金具錆,かさ,かなぐさび
金具破損,かは,かなぐはそん
金物錆,かさ,かなものさび
金物外れ,かは,かなものはずれ
カラープレート外れ,かは,からーぷれーとはずれ
ガラリ錆,がさ,がらりさび
ガラリ破損,がは,がらりはそん
ガラリ塞ぎ,がふ,がらりふさぎ
ガラリ腐食,がふ,がらりふしょく
ガラリ閉鎖,がへ,がらりへいさ
ガラリ変形,がへ,がらりへんけい
側桁亀裂,がき,がわけたきれつ
側桁爆裂,がば,がわけたばくれつ
換気口錆,かさ,かんきくちさび
換気扇カバー外れ,かか,かんきせんかばーはずれ
感知器カバーなし,かか,かんちきかばーなし
感知器不良,かふ,かんちきふりょう
看板架台ひび割れ,かひ,かんばんかだいひびわれ
看板錆,かさ,かんばんさび
看板支柱腐食,かふ,かんばんしちゅうふしょく
看板取付金物腐食,かふ,かんばんとりつけかなものふしょく
看板腐食,かふ,かんばんふしょく
基礎沈下,きち,きそちんか
基礎巾木亀裂,きき,きそはばききれつ
基礎巾木欠損,きけ,きそはばきけっそん
基礎巾木ひび割れ,きひ,きそはばきひびわれ
基礎巾木外壁ひび割れ,きひ,きそはばきがいへきひびわれ
基礎巾木網目状のひび割れ,きあ,きそはばきあみめじょうのひびわれ
基礎巾木浮きひび割れ,きう,きそはばきうきひびわれ
基礎巾木欠損犬走りひび割れ,きけ,きそはばきけっそんいぬばしりりひびわれ
基礎巾木ひび割れ欠損,きひ,きそはばきひびわれけっそん
基礎モルタルひび割れ,きひ,きそもるたるひびわれ
危害防止装置設置なし下部手動シャッター,きが,きがいぼうしそうちせっちなしかぶしゅどうしゃったー
危害防止装置なし下部手動シャッター,きが,きがいぼうしそうちなしかぶしゅどうしゃったー
危害防止装置不良装置前に配管,きが,きがいぼうしそうちふりょうそうちまえにはいかん
基礎コンクリートひび割れ白華,きひ,きそこんくりーとひびわれはっか
金属板横葺き錆,きさ,きんぞくばんよこふきさび
金属フェンス傾き,きか,きんぞくふぇんすかたむき
沓脱石欠損,くけ,くつぬぎいしけっそん
沓脱石破損,くは,くつぬぎいしばそん
車止め欠損,くけ,くるまどめめけっそん
車止め変形,くへ,くるまどめめへんけい
クレセント破損,くは,くれせんとはそん
クロス剥がれ,くは,くろすはがれ
蹴上ひび割れ浮き,けひ,けあげひびわれうき
蹴上ひび割れ白華,けひ,けあげひびわれはっか
掲示板傾き,けか,けいじばんかたむき
掲場台架台亀裂浮き,けき,けいばだいかだいきれつうき
掲場台亀裂浮き,けき,けいばだいきれつうき
間知ブロック隙間,けす,けんちぶろっくすきま
間知ブロック擁壁欠損,けけ,けんちぶろっくようへきけっそん
間知ブロック擁壁ずれ,けず,けんちぶろっくようへきずれ
間知ブロック擁壁破損,けは,けんちぶろっくようへきはそん
間知ブロック擁壁ひび割れ,けひ,けんちぶろっくようへきひびわれ
間知ブロック擁壁ひび割れズレ欠損,けひ,けんちぶろっくようへきひびわれずれけっそん
鋼製建具錆,こさ,こうせいたてぐさび
鋼製建具腐食,こふ,こうせいたてぐふしょく
鋼製扉錆,こさ,こうせいとびらさび
鋼製扉腐食,こふ,こうせいとびらふしょく
鋼製建具開閉不良,こか,こうせいたてぐかいへいふりょう
鋼製扉枠腐食,こふ,こうせいとびらわくふしょく
勾配不良,こふ,こうばいふりょう
勾配不良よる水溜まり,こふ,こうばいふりょうよるみずたまりまり
ゴミ置き場腐食,ごふ,ごみおきばふしょく
コンクリート縁石基礎部分露筋,ころ,こんくりーとえんせききそぶぶんろきん
コンクリート花壇ひび割れ白華,こひ,こんくりーとかだんひびわれはっか
コンクリート壁ひび割れ,こひ,こんくりーとかべひびわれ
コンクリート塀浮き,こう,こんくりーとへいうき
コンクリート塀亀裂,こき,こんくりーとへいきれつ
コンクリート塀欠損,こけ,こんくりーとへいけっそん
コンクリート塀爆裂,こば,こんくりーとへいばくれつ
コンクリート塀ひび割れ,こひ,こんくりーとへいひびわれ
コンクリート塀ひび割れ欠損,こひ,こんくりーとへいひびわれけっそん
コンクリート塀ひび割れ白華,こひ,こんくりーとへいひびわれはっか
コンクリート塀ひび割れ白華錆汁,こひ,こんくりーとへいひびわれはっかさびじる
コンクリート舗装欠損,こけ,こんくりーとほそうけっそん
コンクリート舗装ひび割れ,こひ,こんくりーとほそうひびわれ
コンクリート舗装ひび割れコンクリート舗装不陸,こひ,こんくりーとほそうひびわれこんくりーとほそうふりく
コンクリート擁壁欠損,こけ,こんくりーとようへきけっそん
コンクリート擁壁隙間,こす,こんくりーとようへきすきま
コンクリート擁壁ずれ,こず,こんくりーとようへきずれ
コンクリート擁壁爆裂,こば,こんくりーとようへきばくれつ
コンクリート擁壁破損,こは,こんくりーとようへきはそん
コンクリート擁壁ひび割れ,こひ,こんくりーとようへきひびわれ
コンクリート擁壁ひび割れ傾斜,こひ,こんくりーとようへきひびわれけいしゃ
コンクリート擁壁ひび割れ白華,こひ,こんくりーとようへきひびわれはっか
コンクリート擁壁ひび割れ白華多数,こひ,こんくりーとようへきひびわれはっかたすう
コンクリート擁壁水抜きパイプなし,こみ,こんくりーとようへきみずぬききぱいぷなし
高架水槽架台錆タラップ腐食,こさ,こうかすいそうかだいさびたらっぷふしょく
高架水槽架台腐食,こふ,こうかすいそうかだいふしょく
格子錆,こさ,こうしさび
格子塗膜剥がれ,こと,こうしとまくはがれ
格子腐食,こふ,こうしふしょく
サイディング欠損,さけ,さいでぃんぐけっそん
下がり壁ひび割れ,さひ,さがりかべひびわれ
下がり壁ひび割れ白華,さひ,さがりかべひびわれはっか
柵爆裂,さば,さくばくれつ
柵モルタル剥離,さは,さくもるたるはくり
ササラ桁浮き,さう,ささらけたうき
ササラ桁亀裂,さき,ささらけたきれつ
サッシビート変形ゆるみ(全体共通),さへ,さっしびーとへんけいゆるみ(ぜんたいきょうつう)
サッシ変形隙間,さへ,さっしへんけいすきま
シート防水剥がれ,しは,しーとぼうすいはがれ
シート防水破断,しは,しーとぼうすいはだん
シート防水めくれ,しめ,しーとぼうすいめくれ
シート防水浮き,しう,しーとぼうすいうき
シート防水劣化,しれ,しーとぼうすいれっか
シート防水内水溜り,しみ,しーとぼうすいうすいたまり
シート防水経年劣化,しけ,しーとぼうすいけいねんれっか
シート防水ずれ,しず,しーとぼうすいずれ
シート防水表面劣化,しひ,しーとぼうすいひょうめんれっか
シート防水膨れ,しふ,しーとぼうすいふくれ
シート防水破損,しは,しーとぼうすいはそん
シート防水摩耗,しま,しーとぼうすいまもう
シート防水破れ,しや,しーとぼうすいやぶれ
シート破れ,しや,しーとやぶれ
シーリング切れ,しき,しーりんぐきれ
シーリング破断,しは,しーりんぐはだん
シーリング劣化,しれ,しーりんぐれっか
シーリング劣化亀裂,しれ,しーりんぐれっかきれつ
施工記録表破損,しは,しこうきろくひょうはそん
支持金具錆,しさ,しじかなぐさび
支柱錆,しさ,しちゅうさび
室外機架台錆,しさ,しつがいきかだいさび
室外機基礎ひび割れ浮き,しひ,しつがいききそひびわれうき
室外機腐食,しふ,しつがいきふしょく
自転車止め錆,じさ,じてんしゃとめさび
地盤陥没,じか,じばんかんぼつ
地盤沈下,じち,じばんちんか
地盤隆起,じり,じばんりゅうき
地盤沈下による階段ひび割れ,じち,じばんちんかによるかいだんひびわれ
地盤沈下によるコンクリート舗装亀裂,じち,じばんちんかによるこんくりーとほそうきれつ
地盤沈下による舗装縁石側溝陥没,じち,じばんちんかによるほそうえんせきそっこうかんぼつ
地盤沈下よる擁壁のズレ,じち,じばんちんかよるようへきのずれ
シャッターボックス塗膜剥がれ,しと,しゃったーぼっくすとまくはがれ
シャワーブース劣化,しれ,しゃわーぶーすれっか
集合郵便受ボックス錆,しさ,しゅうごうゆうびんじゅぼっくすさび
収納扉破損,しは,しゅうのうとびらはそん
受水槽架台上裏爆裂,じば,じゅすいそうかだいあげうらばくれつ
受水槽架台爆裂,じば,じゅすいそうかだいばくれつ
受水槽架台ひび割れ,じひ,じゅすいそうかだいひびわれ
受水槽架台ひび割れ白華,じひ,じゅすいそうかだいひびわれはっか
樹木越境,じえ,じゅもくえっきょう
樹木によるアスファルト盛上り,じあ,じゅもくによるあすふぁるとじょうのぼり
消火栓BOX錆,しさ,しょうかせんBOXさび
消火栓ボックス腐食,しふ,しょうかせんぼっくすふしょく
焼却炉破損,しは,しょうきゃくろはそん
使用不可,,しようふか
小便器使用不可,しし,しょうべんうつわしようふか
小便器手摺固定不良,しこ,しょうべんうつわてすりこていふりょう
照明カバー錆,しさ,しょうめいかばーさび
照明カバーなし,しな,しょうめいかばーなし
照明カバー破損,しは,しょうめいかばーはそん
照明カバー腐食,しふ,しょうめいかばーふしょく
照明カバー割れ,しわ,しょうめいかばーわれ
照明器具錆,しさ,しょうめいきぐさび
照明器具外れ,しは,しょうめいきぐはずれ
照明錆,しさ,しょうめいさび
照明外れ,しは,しょうめいはずれ
植生繁茂,しは,しょくせいはんも
人工芝劣化,じれ,じんこうしばれっか
スイッチぐらつき,すぐ,すいっちぐらつき
スイッチ破損,すは,すいっちはそん
スイッチ変形,すへ,すいっちへんけい
スイッチボックス破損,すは,すいっちぼっくすはそん
水道管腐食欠損,すふ,すいどうかんふしょくけっそん
水道シンク爆裂,すば,すいどうしんくばくれつ
スラブ漏水跡,すろ,すらぶろうすいあと(てんじょううら)
スレート屋根経年劣化,すけ,すれーとやねけいねんれっか(ぜんたいてき)
スレート屋根欠損,ふけ,すれーとやねけっそん
スロープ壁爆裂,すば,すろーぷかべばくれつ
スロープ壁ひび割れ,すひ,すろーぷかべひびわれ
スロープ欠損,すけ,すろーぷけっそん
スロープ手摺壁根元爆裂,すば,すろーぷてすりかべこんげんばくれつ
スロープ手摺壁爆裂露筋,すば,すろーぷてすりかべばくれつろきん
スロープ手摺壁ひび割れ,すひ,すろーぷてすりかべひびわれ
スロープ手摺壁ひび割れ浮き,すひ,すろーぷてすりかべひびわれうき
スロープ手摺なし,すて,すろーぷてすりなし
スロープ床ひび割れ,すひ,すろーぷとこひびわれ
スロープ舗装ひび割れ,すひ,すろーぷほそうひびわれ
スロープ舗装不陸,すふ,すろーぷほそうふりく
スロープ劣化,すれ,すろーぷれっか
折半屋根母屋錆,せさ,せっぱんやねおもやさび
折半屋根腐食,せふ,せっぱんやねふしょく
折半屋根変形,せへ,せっぱんやねへんけい
設備架台網目状のひび割れ,せあ,せつびかだいあみめじょうのひびわれ
設備架台上裏露筋,せば,せつびかだいあげうらろきん
設備架台上裏爆裂,せば,せつびかだいあげうらばくれつ
設備架台浮き,せう,せつびかだいうき
設備架台浮きひび割れ,せう,せつびかだいうきひびわれ
設備架台コンクリート白華,せは,せつびかだいこんくりーとはっか
設備架台錆,せさ,せつびかだいさび
設備架台露筋,せろ,せつびかだいろきん
設備架台爆裂,せば,せつびかだいばくれつ
設備架台ひび割れ,せひ,せつびかだいひびわれ
設備配管錆,せさ,せつびはいかんさび
設備配管錆塗膜剥がれ,せさ,せつびはいかんさびとまくはがれ
設備配管錆破損,せさ,せつびはいかんさびはそん
設備配管塗装剥がれ,せと,せつびはいかんとそうはがれ
設備配管腐食欠損,せふ,せつびはいかんふしょくけっそん
設備配管漏水,せろ,せつびはいかんろうすい
洗面台爆裂,せば,せんめんだいばくれつ
洗面台ひび割れ,せひ,せんめんだいひびわれ
洗面台ひび割れ浮き,せひ,せんめんだいひびわれうき
洗面台腐食,せふ,せんめんだいふしょく
倉庫CB壁爆裂,そば,そうこCBかべばくれつ
倉庫CB壁ひび割れ,そひ,そうこCBかべひびわれ
倉庫網入りガラス未使用,そあ,そうこあみいりりがらすみしよう
倉庫上裏浮き,そう,そうこあげうらうき
倉庫上裏露筋,そろ,そうこあげうらろきん
倉庫上裏塗り戻し箇所鉄筋錆,そぬ,そうこあげうらぬりもどしかしょてっきんさび
倉庫上裏爆裂,そば,そうこあげうらばくれつ
倉庫外壁亀裂,そき,そうこがいへききれつ
倉庫外壁ひび割れ,そひ,そうこがいへきひびわれ
倉庫外壁ひび割れ浮き,そひ,そうこがいへきひびわれうき
倉庫換気口破損,そは,そうこかんきくちはそん
倉庫格子腐食変形,そふ,そうここうしふしょくへんけい
倉庫錆,そさ,そうこさび
倉庫損壊,そそ,そうこそんかい
倉庫建具錆,そさ,そうこたてぐさび
倉庫建具腐食,そふ,そうこたてぐふしょく
倉庫鉄骨錆,そさ,そうこてっこつさび
倉庫鉄骨腐食,そふ,そうこてっこつふしょく
倉庫鉄部錆,そさ,そうこてつぶさび
倉庫鉄部腐食,そふ,そうこてつぶふしょく
倉庫電気配管腐食,そふ,そうこでんきはいかんふしょく
倉庫扉腐食,そふ,そうことびらふしょく
倉庫扉枠欠損,そけ,そうことびらわくけっそん
倉庫土間ひび割れ,そひ,そうこどまひびわれ
倉庫ネット破損,そは,そうこねっとはそん
倉庫破損,そは,そうこはそん
倉庫巾木欠損,そけ,そうこはばきけっそん
倉庫樋欠損,そけ,そうこひけっそん
倉庫庇上裏露筋,そろ,そうこひさしあげうらろきん
倉庫庇上裏爆裂,そろ,そうこひさしあげうらばくれつ
倉庫庇上裏ひび割れ,そひ,そうこひさしあげうらひびわれ
倉庫庇上裏補修跡ひび割れ,そほ,そうこひさしあげうらほしゅうあとひびわれ
倉庫庇浮き,そう,そうこひさしうき
倉庫庇天端破損,そは,そうこひさしてんばはそん
倉庫庇爆裂,そば,そうこひさしばくれつ
倉庫腐食,そふ,そうこふしょく
倉庫変形錆,そへ,そうこへんけいさび
倉庫屋根欠損,そけ,そうこやねけっそん
倉庫屋根破損,そは,そうこやねはそん
倉庫屋根変形鉄骨錆,そへ,そうこやねへんけいてっこつさび
造作屋根破損,ぞは,ぞうさやねはそん
送水管BOX錆,ぞさ,そうすいかんBOXさび
粗集器蓋錆,そさ,そしゅううつわふたさび
側溝亀裂,そき,そっこうきれつ
側溝亀裂落葉堆積,そき,そっこうきれつおちばたいせき
側溝欠損,そけ,そっこうけっそん
側溝隙間,そす,そっこうすきま
側溝ずれ,そず,そっこうずれ
側溝沈下,そち,そっこうちんか
側溝詰まり,そつ,そっこうつまり
側溝詰まり排水不良,そつ,そっこうつまりはいすいふりょう
側溝詰まりひび割れ白華,そつ,そっこうつまりひびわれはっか
側溝土砂堆積,そど,そっこうどしゃたいせき
側溝土砂堆積蓋破損,そど,そっこうどしゃたいせきふたはそん
側溝排水不良,そは,そっこうはいすいふりょう
側溝破損,そは,そっこうはそん
側溝ひび割れ,そひ,そっこうひびわれ
側溝蓋欠損,そふ,そっこうふたけっそん
側溝蓋なし,そふ,そっこうふたなし
側溝蓋破損,そふ,そっこうふたはそん
側溝蓋ひび割れ欠損,そふ,そっこうふたひびわれけっそん
側溝蓋腐食,そふ,そっこうふたふしょく
側溝不陸,そふ,そっこうふりく
側溝崩壊,そほ,そっこうほうかい
側溝枡詰まり,そつ,そっこうますなじり
袖壁ひび割れ爆裂,そひ,そでかべひびわればくれつ
タイル浮き欠損,たう,たいるうきけっそん
タイル欠損,たけ,たいるけっそん
タイル破損,たは,たいるはそん
タイルひび割れ,たひ,たいるひびわれ
タイルひび割れ浮き,たひ,たいるひびわれうき
タイル目地白華,ため,たいるめじはっか
ダクト錆,たさ,だくとさび
立上り塗膜防水剥がれ,たと,たちあがりとまくぼうすいはがれ
立上り爆裂,たは,たちあがりばくれつ
立ち入り禁止,たち,たちいりきんし
脱気筒錆,ださ,だっきつつさび
竪穴区画が成立していない,たて,たてあなくかくがせいりつしていない
建具開閉困難窓金具不良,たか,たてぐかいへいこんなんまどかなぐふりょう
建具開閉不良,たか,たてぐかいへいふりょう
建具金物腐食,たふ,たてぐかなものふしょく
建具ガラスなし,たが,たてぐがらすなし
建具錆,たさ,たてぐさび
建具塗膜剥がれ,たと,たてぐとまくはがれ
建具取手なし,たと,たてぐとりでなし
建具の外れ,たは,たてぐのはずれ
建具破損,たは,たてぐはそん
建具腐食,たふ,たてぐふしょく
建具腐食開閉不良,たふ,たてぐふしょくかいへいふりょう
建具変形,たへ,たてぐへんけい
建具枠破損,たは,たてぐわくはそん
建具枠腐食,たふ,たてぐわくふしょく
竪樋破損,たは,たてひはそん
建物隙間,たす,たてものすきま
棚上重量物あり,たじ,たなうえじゅうりょうぶつあり
棚上重量物あり棚固定なし,たじ,たなうえじゅうりょうぶつありたなこていなし
棚上物品,たぶ,たなうえぶっぴん
棚未固定,たみ,たなひつじこてい
棚未固定棚上物品,たみ,たなひつじこていたなうえぶっぴん
棚未固定窓付近物品,たみ,たなひつじこていまどふきんぶっぴん
タラップ一部腐食,たふ,たらっぷいちぶふしょく
タラップ欠損,たけ,たらっぷけっそん
タラップ根元腐食,たふ,たらっぷこんげんふしょく
タラップ錆,たさ,たらっぷさび
タラップ立上り亀裂,たき,たらっぷたちあがりきれつ
タラップ塗膜剥がれ,たと,たらっぷとまくはがれ
タラップ腐食,たふ,たらっぷふしょく
段裏浮き,だう,だんうらうき
段裏露筋,だろ,だんうらろきん
段裏塗膜剥がれ,だと,だんうらとまくはがれ
段裏塗り戻し箇所鉄筋露出浮き,だぬ,だんうらぬりもどしかしょてっきんろしゅつうき
段裏爆裂,だば,だんうらばくれつ
段裏爆裂仕上材剥がれ,だば,だんうらばくれつしあげざいはがれ
段裏補修跡爆裂鉄筋錆,だほ,だんうらほしゅうあとばくれつてっきんさび
段裏漏水塗膜剥がれ,だろ,だんうらろうすいとまくはがれ
タンク錆,たさ,たんくさび
断熱材剥がれ,だは,だんねつざいはがれ
段鼻亀裂,だき,だんばなきれつ
段鼻タイル欠損,だけ,だんばなたいるけっそん
柱脚基礎欠損,ちけ,ちゅうきゃくきそけっそん
柱脚基礎ひび割れ鉄骨腐食,ちひ,ちゅうきゃくきそひびわれてっこつふしょく
駐輪場建屋露筋,ちろ,ちゅうりんじょうたてやろきん
駐輪場建屋ひび割れ,ちひ,ちゅうりんじょうたてやひびわれ
駐輪場鉄骨錆,ちて,ちゅうりんじょうてっこつさび
駐輪場のモルタルひび割れ欠損,ちひ,ちゅうりんじょうのもるたるひびわれけっそん
駐輪場屋根錆,ちさ,ちゅうりんじょうやねさび
駐輪場屋根腐食,ちふ,ちゅうりんじょうやねふしょく
貯水槽換気口塞ぎ,ちか,ちょすいそうかんきくちふさぎ
通気口カバー破損,つか,つうきこうかばーはそん
通気口錆,つさ,つうきこうさび
通気口樹木による塞がり,つじ,つうきこうじゅもくによるふさがり
通気口無し,つな,つうきこうなし
通気口破損,つは,つうきこうはそん
通気口塞ぎ,つふ,つうきこうふさぎ
通気口腐食,つふ,つうきこうふしょく
通気口腐食基礎巾木破損,つふ,つうきこうふしょくきそはばきはそん
通気口変形,つへ,つうきこうへんけい
天井ボード穴,てあ,てんじょうぼーどあな
天井ボード浮き,てう,てんじょうぼーどうき
天井ボード欠損,てけ,てんじょうぼーどけっそん
天井ボード仕上げ材剥がれ,ては,てんじょうぼーどしあげざいはがれ
天井ボードずれ,てず,てんじょうぼーどずれ
天井ボードたわみ,てた,てんじょうぼーどたわみ
天井ボード剥がれ,ては,てんじょうぼーどはがれ
天井ボード外れ,ては,てんじょうぼーどはずれ
天井ボード破損,ては,てんじょうぼーどはそん
天井ボードひび割れ,てひ,てんじょうぼーどひびわれ
天井ボード変形,てへ,てんじょうぼーどへんけい
天井ボードめくれ,てめ,てんじょうぼーどめくれ
天井ボードゆるみ,てゆ,てんじょうぼーどゆるみ
天井ボードゆるみ漏水跡,てゆ,てんじょうぼーどゆるみろうすいあと
天井ボード漏水跡,てろ,てんじょうぼーどろうすいあと
天井ボード漏水跡めくれ,てろ,てんじょうぼーどろうすいあとめくれ
天井ボード割れ,てわ,てんじょうぼーどわれ
手洗い台爆裂,てば,てあらいだいばくれつ
手洗い場欠損,てけ,てあらいばけっそん
手洗い場仕上げ材剥がれ,てし,てあらいばしあげざいはがれ
手洗い場床ひび割れ,てひ,てあらいばとこひびわれ
手洗い場爆裂,てば,てあらいばばくれつ
手洗い場ひび割れ,てひ,てあらいばひびわれ
手洗い場ひび割れ白華,てひ,てあらいばひびわれはっか
出入口前物品あり,でぶ,でいりぐちまえぶっぴんあり
出口前物品あり,でぶ,でぐちまえぶっぴんあり
手摺カバー外れ,てか,てすりかばーはずれ
手摺壁浮き,てう,てすりかべうき
手摺壁笠木浮き,てう,てすりかべかさぎうき
手摺壁亀裂,てき,てすりかべきれつ
手摺壁欠損,てけ,てすりかべけっそん
手摺壁支柱腐食,てふ,てすりかべしちゅうふしょく
手摺壁露筋,てろ,てすりかべろきん
手摺壁天端ひび割れ浮き,てひ,てすりかべてんばひびわれうき
手摺壁塗膜剥がれ,てと,てすりかべぬりまくはがれ
手摺壁爆裂,てば,てすりかべばくれつ
手摺壁ひび割れ,てひ,てすりかべひびわれ
手摺壁ひび割れ浮き,てひ,てすりかべひびわれうき
手摺基礎欠損,てけ,てすりきそけっそん
手摺基礎爆裂,てば,てすりきそばくれつ
手摺基礎ひび割れ,てひ,てすりきそひびわれ
手摺ぐらつき,てぐ,てすりぐらつき
手摺根元欠損,てけ,てすりこんげんけっそん
手摺根元爆裂,てば,てすりこんげんばくれつ
手摺根元ひび割れ,てひ,てすりこんげんひびわれ
手摺根本腐食,てふ,てすりこんぽんふしょく
手摺錆,てさ,てすりさび
手摺錆外壁露筋,てさ,てすりさびがいへきろきん
手摺天端ひび割れ浮き,てひ,てすりてんばひびわれうき
手摺塗装剥がれ,てと,てすりとそうはがれ
手摺塗膜剥がれ,てと,てすりとまくはがれ
手摺取付金具ねじ外れ,てね,てすりとりつけかなぐねじはずれ
手摺なし,てな,てすりなし
"手摺の高さが1,100以下",てた,"てすりのたかさが1,100いか"
手摺破損,ては,てすりはそん
手摺腐食,てふ,てすりふしょく
手摺腐食破損,てふ,てすりふしょくはそん
鉄格子錆,てさ,てつごうしさび
鉄格子破損,ては,てつごうしはそん
鉄骨階段床錆,てさ,てっこつかいだんゆかさび
鉄骨階段腐食,てふ,てっこつかいだんふしょく
鉄骨基礎欠損,てけ,てっこつきそけっそん
鉄骨基礎ひび割れ,てひ,てっこつきそひびわれ
鉄骨錆,てさ,てっこつさび
鉄骨錆腐食,てさ,てっこつさびふしょく
鉄骨支柱腐食,てふ,てっこつしちゅうふしょく
鉄骨塗装剥がれ,てと,てっこつとそうはがれ
鉄骨柱腐食,てふ,てっこつはしらふしょく
鉄骨腐食,てふ,てっこつふしょく
鉄骨腐食、竪樋漏水,てふ,てっこつふしょく、たてひろうすい
鉄骨腐食塗膜剥がれ,てふ,てっこつふしょくとまくはがれ
鉄板錆,てさ,てっぱんさび
鉄板腐食,てふ,てっぱんふしょく
鉄部腐食,てふ,てつぶふしょく
鉄棒錆,てさ,てつぼうさび
テラス下端爆裂,てば,てらすかたんばくれつ
電気支柱錆,でさ,でんきしちゅうさび
電気設備盤錆,でさ,でんきせつびばんさび
電気設備盤錆開閉不良,でさ,でんきせつびばんさびかいへいふりょう
電気設備盤腐食,でふ,でんきせつびばんふしょく
電気中継ボックス錆,でさ,でんきちゅうけいぼっくすさび
電気配管錆,でさ,でんきはいかんさび
電気引込支持金具錆,でさ,でんきひきこみしじかなぐさび
電気ボックス錆,でさ,でんきぼっくすさび
電気ボックス破損,では,でんきぼっくすはそん
電気ボックス腐食,でふ,でんきぼっくすふしょく
点検口架台爆裂,てば,てんけんくちかだいばくれつ
点検口錆,てさ,てんけんくちさび
点検口錆破損,てさ,てんけんくちさびはそん
点検口錆変形,てさ,てんけんくちさびへんけい
点検口脱落,てだ,てんけんくちだつらく
点検口蝶番破損,ては,てんけんくちちょうつがいはそん
点検口取手破損,ては,てんけんくちとりてはそん
点検口爆裂,てば,てんけんくちばくれつ
点検口破損,ては,てんけんくちはそん
点検口ハッチ腐食,てふ,てんけんくちはっちふしょく
点検口ひび割れ,てひ,てんけんくちひびわれ
点検口開閉不良,てか,てんけんくちびらきへいふりょう
点検口腐食,てふ,てんけんくちふしょく
点検口腐食破損,てふ,てんけんくちふしょくはそん
点検口不良,てふ,てんけんくちふりょう
点検口へこみ,てへ,てんけんくちへこみ
点検口変形,てへ,てんけんくちへんけい
点検口蓋閉鎖不良,てへ,てんけんこうがいへいさふりょう
天井穴あり,てあ,てんじょうあなあり
天井浮き,てう,てんじょううき
天井浮きひび割れ,てう,てんじょううきひびわれ
天井裏漏水跡,てろ,てんじょううらろうすいあと
天井裏漏水ひび割れ,てろ,てんじょううらろうすいひびわれ
天井亀裂漏水跡,てき,てんじょうきれつろうすいあと
天井クロス剥がれ,てく,てんじょうくろすはがれ
天井材たわみ,てた,てんじょうざいたわみ
天井材破損,ては,てんじょうざいはそん
天井仕上げ材剥がれ,ては,てんじょうしあげざいはがれ
天井仕上材剥がれ,ては,てんじょうしあげざいはがれ
天井仕上げ材剥落漏水跡,ては,てんじょうしあげざいはくらくろうすいあと
天井仕上げ材破損,ては,てんじょうしあげざいはそん
天井シミ(エアコン回り),てし,てんじょうしみ(えあこんまわり)
天井シミ跡,てし,てんじょうしみあと
天井たわみ,てた,てんじょうたわみ
天井露筋,てろ,てんじょうろきん
天井鉄骨腐食,てふ,てんじょうてっこつふしょく
天井点検口蓋なし,てて,てんじょうてんけんこうがいなし
天井塗膜剥がれ,てと,てんじょうとまくはがれ
天井塗膜剥がれ白華,てと,てんじょうとまくはがれはっか
天井塗膜剥がれ漏水跡ひび割れ,てと,てんじょうとまくはがれろうすいあとひびわれ
天井塗り戻し箇所の鉄筋錆,てぬ,てんじょうぬりもどしかしょのてっきんさび
天井剥落,ては,てんじょうはくらく
天井爆裂,てば,てんじょうばくれつ
天井爆裂露筋,てば,てんじょうばくれつろきん
天井爆裂露筋(全体),てば,てんじょうばくれつろきん(ぜんたい)
天井爆裂漏水跡,てば,てんじょうばくれつろうすいあと
天井破損,ては,てんじょうはそん
天井ひび割れ,てひ,てんじょうひびわれ
天井ひび割れ浮き,てひ,てんじょうひびわれうき
天井補修跡剥がれ,てほ,てんじょうほしゅうあとはがれ
天井汚れ,てよ,てんじょうよごれ
天井漏水跡,てろ,てんじょうろうすいあと
天井漏水ひび割れ,てろ,てんじょうろうすいひびわれ
電柱亀裂,でき,でんちゅうきれつ
電柱錆,でさ,でんちゅうさび
ドアアーム破損,どは,どああーむはそん
ドア開閉不良,どか,どあかいへいふりょう
ドアクローザー錆,どさ,どあくろーざーさび
ドアクローザー破損,どは,どあくろーざーはそん
ドアクローザー腐食,どふ,どあくろーざーふしょく
ドア固定不良,どこ,どあこていふりょう
ドア錆,どさ,どあさび
ドア錆塗膜剥がれ,どさ,どあさびとまくはがれ
ドア下腐食,どふ,どあしたふしょく
ドア塗装剥がれ,どと,どあとそうはがれ
ドアノブ白錆,どは,どあのぶしろさび
ドアノブなし,どな,どあのぶなし
ドアノブ外れ,どは,どあのぶはずれ
ドアノブ破損,どは,どあのぶはそん
ドアハンドルなし,どは,どあはんどるなし
ドア塞ぎ,どふ,どあふさぎ
トイレブース破損,とは,といれぶーすはそん
床浮き,ゆう,とこうき
床亀裂,ゆき,とこきれつ
床欠損,ゆけ,とこけっそん
床コンクリートひび割れ,ゆひ,とここんくりーとひびわれ
床コンクリートひび割れ欠損,ゆひ,とここんくりーとひびわれけっそん
床仕上げ材剥がれ,ゆし,とこしあげざいはがれ
床仕上げ材劣化,ゆし,とこしあげざいれっか
床仕上げ剥がれ,ゆし,とこしあげはがれ
床シート浮き,ゆう,とこしーとうき
床シート剥がれ,ゆは,とこしーとはがれ
床シート破損,ゆは,とこしーとはそん
床シート破断,ゆは,とこしーとはだん
床シートひび割れ,ゆひ,とこしーとひびわれ
床シート膨れ,ゆふ,とこしーとふくれ
床シートめくれ,ゆめ,とこしーとめくれ
床シート破れ,ゆや,とこしーとやぶれ
床シミ跡,ゆし,とこしみあと
床タイル浮き,ゆた,とこたいるうき
床タイル欠損,ゆた,とこたいるけっそん
床タイル隙間,ゆた,とこたいるすきま
床タイル隙間タイル欠損,ゆた,とこたいるすきまたいるけっそん
床タイル隙間欠損,ゆた,とこたいるすきまけっそん
床タイル剥がれ,ゆた,とこたいるはがれ
床タイル破損,ゆた,とこたいるはそん
床タイルひび割れ,ゆた,とこたいるひびわれ
床たわみ,ゆた,とこたわみ
床塗膜剥がれ,ゆと,とことまくはがれ
床爆裂,ゆば,とこばくれつ
床破損,ゆは,とこはそん
床ひずみ,ゆひ,とこひずみ
床ひび割れ,ゆひ,とこひびわれ
床ひび割れ浮き,ゆひ,とこひびわれうき
床表面劣化,ゆひ,とこひょうめんれっか
床フローリング浮き,ゆう,とこふろーりんぐうき
床へこみ,ゆへ,とこへこみ
床モルタルひび割れ,ゆひ,とこもるたるひびわれ
床汚れ,ゆよ,とこよごれ
塔屋外壁爆裂,とば,とうやがいへきばくれつ
床プール取り合い部崩落,ゆほ,とこぷーるとりあいぶほうらく
土砂堆積,どた,どしゃたいせき
土砂流出,どし,どしゃりゅうしゅつ
トップライト一部破損,とは,とっぷらいといちぶはそん
トップライト笠木ひび割れ,とひ,とっぷらいとかさぎひびわれ
トップライト部材外れ,とは,とっぷらいとぶざいはずれ
トップライト漏水跡,とろ,とっぷらいとろうすいあと
飛び込み台ひび割れ,とひ,とびこみだいひびわれ
飛び込み台ひび割れ浮き,とひ,とびこみだいひびわれうき
扉開閉不可,とか,とびらかいへいふか
扉開閉不能,とか,とびらかいへいふのう
扉開閉不良,とか,とびらかいへいふりょう
扉ガラスなし,とが,とびらがらすなし
扉ゴム破損,とは,とびらごむはそん
扉施錠,とせ,とびらせじょう
扉施錠不可,とせ,とびらせじょうふか
扉塗装剥がれ,とと,とびらとそうはがれ
扉塞ぎ,とふ,とびらふさぎ
扉腐食,とふ,とびらふしょく
扉閉鎖,とへ,とびらへいさ
扉閉鎖ドアノブ破損,とへ,とびらへいさどあのぶはそん
扉前に棚あり,とた,とびらまえにたなあり
扉枠ひび割れ,とひ,とびらわくひびわれ
扉枠腐食,とふ,とびらわくふしょく
土間浮き,どう,どまうき
土間亀裂,どき,どまきれつ
塗膜防水経年劣化,とけ,とまくぼうすいけいねんれっか
塗膜防水層表面劣化,とひ,とまくぼうすいそうひょうめんれっか
塗膜防水剥がれ,とは,とまくぼうすいはがれ
塗膜防水ひび割れ，塗膜剥がれ,とひ,とまくぼうすいひびわれ，とまくはがれ
塗膜防水表面劣化,とひ,とまくぼうすいひょうめんれっか
塗膜防水膨れ,とみ,とまくぼうすいふくれ
塗膜防水劣化,とれ,とまくぼうすいれっか
土間欠損,どけ,どまけっそん
土間コンクリート亀裂,どき,どまこんくりーときれつ
土間コンクリート欠損,どけ,どまこんくりーとけっそん
土間コンクリート欠損地盤沈下,どけ,どまこんくりーとけっそんじばんちんか
土間コンクリート沈下,どち,どまこんくりーとちんか
土間コンクリートひび割れ,どひ,どまこんくりーとひびわれ
土間コンクリートひび割れ欠損,どひ,どまこんくりーとひびわれけっそん
土間コン崩壊,どほ,どまこんほうかい
土間沈下,どち,どまちんか
土間破損,どは,どまはそん
土間ひび割れ,どひ,どまひびわれ
取手錆,とさ,とりでさび
取手施錠不良,とせ,とりでせじょうふりょう
鳥糞堆積,とふ,とりふんたいせき
ドレーン詰まり,どつ,どれーんつまり
ドレーン詰まり植生繁茂,どつ,どれーんつまりしょくせいはんも
ドレーンカバーなし,どか,どれーんかばーなし
ドレーンカバー無し,どか,どれーんかばーなし
ドレーンカバー外れ,どか,どれーんかばーはずれ
ドレーンカバー破損,どか,どれーんかばーはそん
ドレーンカバー腐食,どふ,どれーんかばーふしょく
ドレーンゴミ詰まり,どご,どれーんごみつまり
ドレーン錆,どさ,どれーんさび
ドレーン土砂堆積,どど,どれーんどしゃたいせき
ドレーン土砂堆積植物,どど,どれーんどしゃたいせきしょくぶつ
ドレーン土砂詰まり,どど,どれーんどしゃなじり
ドレーン排水不良,どは,どれーんはいすいふりょう
ドレーン破損,どは,どれーんはそん
ドレーン腐食,どふ,どれーんふしょく
ドレーン周りゴミ,どご,どれーんまわりごみ
内壁漏水跡,なろ,ないへきろうすいあと
内壁ひび割れ,なひ,ないへきひびわれ
内壁浮き,なう,ないへきうき
内壁欠損,なけ,ないへきけっそん
内壁亀裂,なき,ないへききれつ
内壁爆裂,なば,ないへきばくれつ
内壁網目状ひび割れ,なあ,ないへきあみめじょうひびわれ
内壁浮き仕上材剥がれ,なう,ないへきうきしあげざいはがれ
内壁浮き塗膜剥がれ,なう,ないへきうきとまくはがれ
内壁浮きひび割れ,なう,ないへきうきひびわれ
内壁亀裂浮き塗膜剥がれ,なき,ないへききれつうきとまくはがれ
内壁亀裂塗膜剥がれ,なき,ないへききれつとまくはがれ
内壁亀裂白華,なき,ないへききれつはっか
内壁クロス剥がれ,なく,ないへきくろすはがれ
内壁クロス剥がれ漏水跡,なく,ないへきくろすはがれろうすいあと
内壁コンクリート白華,なは,ないへきこんくりーとはっか
内壁コンクリートひび割れ,なひ,ないへきこんくりーとひびわれ
内壁仕上げ材剥がれ,なし,ないへきしあげざいはがれ
内壁仕上げ材剥がれ漏水跡,なし,ないへきしあげざいはがれろうすいあと
内壁仕上げ材腐食,なし,ないへきしあげざいふしょく
内壁シミ跡,なし,ないへきしみあと
内壁ずれ,なず,ないへきずれ
内壁タイル浮き,なた,ないへきたいるうき
内壁タイル浮き欠損,なた,ないへきたいるうきけっそん
内壁タイル亀裂,なた,ないへきたいるきれつ
内壁タイル欠損,なた,ないへきたいるけっそん
内壁タイル剥がれ,なた,ないへきたいるはがれ
内壁タイル剥落ひび割れ,なた,ないへきたいるはくらくひびわれ
内壁タイル破損,なた,ないへきたいるはそん
内壁タイルはらみ,なた,ないへきたいるはらみ
内壁タイルひび割れ,なた,ないへきたいるひびわれ
内壁タイルひび割れ浮き,なた,ないへきたいるひびわれうき
内壁タイルひび割れ白華,なた,ないへきたいるひびわれはっか
内壁タイル割れ,なた,ないへきたいるわれ
内壁露筋,なろ,ないへきろきん
内壁塗膜浮き,なと,ないへきとまくうき
内壁塗膜剥がれ,なと,ないへきとまくはがれ
内壁塗膜剥がれ浮き,なと,ないへきとまくはがれうき
内壁塗膜剥がれ漏水跡,なと,ないへきとまくはがれろうすいあと
内壁爆裂露筋,なば,ないへきばくれつろきん
内壁破損,なは,ないへきはそん
内壁パネル割れ,なぱ,ないへきぱねるわれ
内壁ひび割れ浮き,なひ,ないへきひびわれうき
内壁ひび割れ浮き仕上げ材剥がれ,なひ,ないへきひびわれうきしあげざいはがれ
内壁ひび割れ浮き塗膜剥がれ,なひ,ないへきひびわれうきとまくはがれ
内壁ひび割れ仕上げ材剥がれ,なひ,ないへきひびわれしあげざいはがれ
内壁ひび割れ仕上材剥がれ,なひ,ないへきひびわれしあげざいはがれ
内壁ひび割れ塗膜剥がれ,なひ,ないへきひびわれとまくはがれ
内壁ひび割れ剥がれ,なひ,ないへきひびわれはがれ
内壁ひび割れ白華,なひ,ないへきひびわれはっか
内壁ひび割れ白華塗膜剥がれ,なひ,ないへきひびわれはっかとまくはがれ
内壁ひび割れ漏水跡,なひ,ないへきひびわれろうすいあと
内壁ひび割れ漏水跡塗膜剥がれ,なひ,ないへきひびわれろうすいあととまくはがれ
内壁ボード浮き,なぼ,ないへきぼーどうき
内壁ボード欠損,なぼ,ないへきぼーどけっそん
内壁ボードシミ跡,なし,ないへきぼーどしみあと
内壁ボード破損,なは,ないへきぼーどはそん
内壁ボードひび割れ,なひ,ないへきぼーどひびわれ
内壁補修跡ひび割れ,なひ,ないへきほしゅうあとひびわれ
内壁モルタル欠損,なけ,ないへきもるたるけっそん
内壁漏水跡仕上げ材剥がれ,なろ,ないへきろうすいあとしあげざいはがれ
内壁漏水跡仕上剥がれ,なろ,ないへきろうすいあとしあげはがれ
内壁漏水跡塗膜剥がれ,なろ,ないへきろうすいあととまくはがれ
内壁漏水跡剥離,なろ,ないへきろうすいあとはくり
内壁漏水塗膜剥がれ,なろ,ないへきろうすいとまくはがれ
内壁漏水ひび割れ,なろ,ないへきろうすいひびわれ
内壁漏水ひび割れ欠損,なろ,ないへきろうすいひびわれけっそん
内壁漏水ひび割れ剥離,なろ,ないへきろうすいひびわれはくり
流し台塗装剥がれ,なと,ながしだいとそうはがれ
流し台ひび割れ,なひ,ながしだいひびわれ
ナット外れ,なは,なっとはずれ
ネットフェンス破損,ねは,ねっとふぇんすはそん
ネットフェンス腐食,ねふ,ねっとふぇんすふしょく
ノンスリップ欠損,のけ,のんすりっぷけっそん
ノンスリップゴムなし,のご,のんすりっぷごむなし
ノンスリップタイル浮き,のう,のんすりっぷたいるうき
ノンスリップタイル欠損,のけ,のんすりっぷたいるけっそん
軒裏爆裂,のば,のきうらばくれつ
軒裏腐食,のふ,のきうらふしょく
軒先網目状のひび割れ,のあ,のきさきあみめじょうのひびわれ
軒先浮き,のう,のきさきうき
軒先露筋,のろ,のきさきろきん
軒先塗膜膨れ,のと,のきさきとまくふくれ
軒先爆裂,のば,のきさきばくれつ
軒先ひび割れ,のひ,のきさきひびわれ
軒先ひび割れ浮き,のひ,のきさきひびわれうき
ノンスリップタイル欠損床ひび割れ,のけ,のんすりっぷたいるけっそんとこひびわれ
ノンスリップタイル脱落,のだ,のんすりっぷたいるだつらく
ノンスリップタイル破損,のは,のんすりっぷたいるはそん
ノンスリップなし,のな,のんすりっぷなし
ノンスリップ剥がれ,のは,のんすりっぷはがれ
ノンスリップ外れ,のは,のんすりっぷはずれ
ノンスリップ破損土砂堆積,のは,のんすりっぷはそんどしゃたいせき
パーテーション錆,ぱさ,ぱーてーしょんさび
排煙窓開閉装置不良,はふ,はいえんまどかいへいそうちふりょう
排煙窓閉鎖不良,はへ,はいえんまどへいさふりょう
排煙装置固定不良,はこ,はいえんそうちこていふりょう
排煙装置前物品,はぶ,はいえんそうちまえぶっぴん
排煙装置前物品あり,はぶ,はいえんそうちまえぶっぴんあり
排煙窓開閉不良,はか,はいえんまどかいへいふりょう
排煙窓確認不可,はか,はいえんまどかくにんふか
排煙窓作動不良,はさ,はいえんまどさどうふりょう
排煙窓ハンドルなし,はは,はいえんまどはんどるなし
排煙窓紐切れ,はひ,はいえんまどひもきれ
排煙窓紐破損,はひ,はいえんまどひもはそん
排煙窓前物品あり,はぶ,はいえんまどまえぶっぴんあり
排煙窓レバー前物品あり,はぶ,はいえんまどればーまえぶっぴんあり
排煙窓ワイヤー切れ,はわ,はいえんまどわいやーきれ
排煙窓ワイヤー破損,はわ,はいえんまどわいやーはそん
排煙窓ワイヤー不良,はわ,はいえんまどわいやーふりょう
配管架台錆,はさ,はいかんかだいさび
配管架台腐食,はふ,はいかんかだいふしょく
配管金具錆,はさ,はいかんかなぐさび
配管カバー外れ,はか,はいかんかばーはずれ
配管錆,はさ,はいかんさび
配管支持金具錆,はさ,はいかんしじかなぐさび
配管支持金具錆破損,はさ,はいかんしじかなぐさびはそん
配管塗装剥がれ,はと,はいかんとそうはがれ
配管止め金具錆,はさ,はいかんとめがねぐさび
配管ひび割れ,はひ,はいかんひびわれ
配管保温材腐食,はふ,はいかんほおんざいふしょく
配管保温ラッキング錆,はさ,はいかんほおんらっきんぐさび
排水不良による水溜り,はみ,はいすいふりょうによるみずたまり
排水桝土砂堆積,はど,はいすいますどしゃたいせき
排水桝腐食,はふ,はいすいますふしょく
排水桝蓋欠損,はけ,はいすいますふたけっそん
排水桝蓋なし,はふ,はいすいますふたなし
排水桝周り沈下,はち,はいすいますまわりちんか
配線未処理,はみ,はいせんみしょり
柱浮き,はう,はしらうき
柱浮き仕上げ材剥がれ,はう,はしらうきしあげざいはがれ
柱基礎ひび割れ白華,はひ,はしらきそひびわれはっか
柱欠損,はけ,はしらけっそん
柱塗膜剥がれ,はと,はしらとまくはがれ
柱爆裂,はば,はしらばくれつ
柱巾木ひび割れ,はひ,はしらはばきひびわれ
柱ひび割れ,はひ,はしらひびわれ
柱ひび割れ浮き,はひ,はしらひびわれうき
柱ベースプレート錆,はさ,はしらべーすぷれーとさび
柱補修跡爆裂,はほ,はしらほしゅうあとばくれつ
バックネットCB壁露筋,ばろ,ばっくねっとCBかべろきん
バックネット基礎亀裂,ばき,ばっくねっときそきれつ
バックネット錆,ばさ,ばっくねっとさび
バックネット破損,ばは,ばっくねっとはそん
ハッチ開閉困難,はか,はっちかいへいこんなん
ハッチ腐食,はき,はっちふしょく
ハト小屋亀裂浮き,はろ,はとこやきれつうき
ハト小屋露筋,はろ,はとこやろきん
鳩小屋露筋,はろ,はとこやろきん
ハト小屋ひび割れ浮き,はひ,はとこやひびわれうき
巾木浮き,はう,はばきうき
巾木爆裂,はば,はばきばくれつ
巾木破損,はは,はばきはそん
巾木白華,はは,はばきはっか
巾木亀裂,はき,はばききれつ
巾木欠損,はけ,はばきけっそん
巾木仕上げ材剥がれ,はし,はばきしあげざいはがれ
巾木露筋,はろ,はばきろきん
鼻先欠損,はけ,はなさきけっそん
鼻先露筋,はろ,はなさきろきん
鼻先爆裂,はば,はなさきばくれつ
鼻先ひび割れ,はひ,はなさきひびわれ
鼻先ひび割れ浮き,はひ,はなさきひびわれうき
鼻先補修跡爆裂,はほ,はなさきほしゅうあとばくれつ
鼻先漏水ひび割れ,はろ,はなさきろうすいひびわれ
巾木犬走りひび割れ,はひ,はばきいぬばしりりひびわれ
巾木網目状ひび割れ,はあ,はばきあみめじょうひびわれ
巾木剥がれ,はは,はばきはがれ
巾木ひび割れ,はひ,はばきひびわれ
巾木ひび割れ浮き,はひ,はばきひびわれうき
巾木ひび割れ浮き仕上げ材剥がれ,はひ,はばきひびわれうきしあげざいはがれ
巾木ひび割れ欠損,はひ,はばきひびわれけっそん
巾木ひび割れ仕上げ材剥がれ,はひ,はばきひびわれしあげざいはがれ
巾木ひび割れ仕上げ材剥がれ(建物全体),はひ,はばきひびわれしあげざいはがれ(たてものぜんたい)
巾木ひび割れ白華,はひ,はばきひびわれはっか
巾木漏水ひび割れ,はろ,はばきろうすいひびわれ
パラペット顎部爆裂,ぱば,ぱらぺっとあごぶばくれつ
パラペット浮き,ぱう,ぱらぺっとうき
パラペット立上り爆裂,ぱば,ぱらぺっとたちあがりばくれつ
パラペット立上りパネル欠損,ぱぱ,ぱらぺっとたちあがりぱねるけっそん
パラペット立上りひび割れ,ぱひ,ぱらぺっとたちあがりひびわれ
パラペット立上りひび割れ錆汁,ぱひ,ぱらぺっとたちあがりひびわれさびじる
パラペット爆裂,ぱば,ぱらぺっとばくれつ
パラペットひび割れ,ぱひ,ぱらぺっとひびわれ
パラペットひび割れ浮き,ぱひ,ぱらぺっとひびわれうき
パラペットひび割れ白華,ぱひ,ぱらぺっとひびわれはっか
パラペット防水劣化,ぱれ,ぱらぺっとぼうすいれっか
梁型白華,はは,はりかたはっか
梁欠損,はけ,はりけっそん
梁仕上材剥がれ,はし,はりしあげざいはがれ
梁塗膜剥がれ,はと,はりとまくはがれ
梁爆裂,はば,はりばくれつ
梁爆裂露筋,はば,はりばくれつろきん
梁白華,はは,はりはっか
梁白華欠損,はは,はりはっかけっそん
梁ひび割れ,はひ,はりひびわれ
梁ひび割れ白華,はひ,はりひびわれはっか
梁腐食,はふ,はりふしょく
バルコニー上裏露筋,ばろ,ばるこにーあげうらろきん
バルコニー上裏の塗り戻し箇所爆裂,ばぬ,ばるこにーあげうらのぬりもどしかしょばくれつ
バルコニー上裏爆裂,ばば,ばるこにーあげうらばくれつ
バルコニー下物品の放置,ばぶ,ばるこにーげものひんのほうち
バルコニー造作,ばぞ,ばるこにーぞうさ
バルコニー手摺壁ひび割れ,ばて,ばるこにーてすりかべひびわれ
バルコニー手摺壁プランター,ばて,ばるこにーてすりかべぷらんたー
バルコニーネット塞ぎ,ばね,ばるこにーねっとふさぎ
バルコニー鼻先浮き,ばう,ばるこにーはなさきうき
バルコニー鼻先爆裂,ばば,ばるこにーはなさきばくれつ
バルコニー鼻先ひび割れ(多数),ばひ,ばるこにーはなさきひびわれ(たすう)
バルコニー避難経路塞ぎ外壁未確認,ばひ,ばるこにーひなんけいろふさぎがいへきみかくにん
バルコニー物品の放置,ばぶ,ばるこにーぶっぴんのほうち
ハンドル腐食,はふ,はんどるふしょく
ピアノ滑り止めなし,ぴす,ぴあのすべりとめなし
樋受け金具錆,とさ,というけかなぐさび
樋押え金物錆,とさ,といおさえかなものさび
樋押え金物外れ,とは,といおさえかなものはずれ
樋押え金物破損,とは,といおさえかなものはそん
樋押え金物腐食,とふ,といおさえかなものふしょく
控え壁破損,ひは,ひかえかべはそん
引戸変形,ひへ,ひきどへんけい
庇上裏浮き,ひう,ひさしあげうらうき
庇上裏仕上げ材浮き,ひし,ひさしあげうらしあげざいうき
庇上裏仕上げ材剥がれ,ひし,ひさしあげうらしあげざいはがれ
庇上裏露筋,ひろ,ひさしあげうらろきん
庇上裏塗膜剥がれ,ひと,ひさしあげうらとまくはがれ
庇上裏塗り戻し箇所の鉄筋錆,ひぬ,ひさしあげうらぬりもどしかしょのてっきんさび
庇上裏爆裂,ひば,ひさしあげうらばくれつ
庇上裏ひび割れ,ひひ,ひさしあげうらひびわれ
庇上裏ひび割れ浮き,ひひ,ひさしあげうらひびわれうき
庇上裏ひび割れ仕上げ材剥がれ,ひひ,ひさしあげうらひびわれしあげざいはがれ
庇上裏補修跡ひび割れ,ひほ,ひさしあげうらほしゅうあとひびわれ
庇上裏漏水ひび割れ浮き,ひろ,ひさしあげうらろうすいひびわれうき
庇浮き塗膜剥がれ,ひう,ひさしうきとまくはがれ
庇塗り戻し箇所の鉄筋錆,ひぬ,ひさしぬりもどしかしょのてっきんさび
庇爆裂,ひば,ひさしばくれつ
庇鼻先浮き,ひう,ひさしはなさきうき
庇鼻先欠損,ひけ,ひさしはなさきけっそん
庇鼻先シーリング劣化,ひし,ひさしはなさきしーりんぐれっか
庇鼻先シーリング劣化漏水,ひし,ひさしはなさきしーりんぐれっかろうすい
庇鼻先露筋,ひろ,ひさしはなさきろきん
庇鼻先爆裂,ひば,ひさしはなさきばくれつ
庇鼻先ひび割れ,ひひ,ひさしはなさきひびわれ
庇鼻先ひび割れ浮き,ひひ,ひさしはなさきひびわれうき
庇鼻先ひび割れ白華,ひひ,ひさしはなさきひびわれはっか
庇鼻先補修跡ひび割れ浮き,ひほ,ひさしはなさきほしゅうあとひびわれうき
庇ひび割れ,ひひ,ひさしひびわれ
樋支持金具錆,とさ,といしじかなぐさび
樋支持金具腐食,とふ,といしじかなぐふしょく
樋受金具錆,とさ,というけかなぐさび
樋受金具破損,とは,というけかなぐはそん
非常階段建具開閉不良,ひか,ひじょうかいだんたてぐかいへいふりょう
非常階段物品あり,ひぶ,ひじょうかいだんぶっぴんあり
非常照明球なし,ひた,ひじょうしょうめいたまなし
非常用避難口の前物品,ひぶ,ひじょうようひなんくちのまえぶっぴん
樋脱落,とだ,といだつらく
樋掴み金具錆,とさ,といつかみかなぐさび
樋掴み金物錆,とさ,といつかみかなものさび
樋掴み金物破損,とは,といつかみかなものはそん
樋詰まり,とつ,といつめまり
避難経路物品あり,ひぶ,ひなんけいろぶっぴんあり
避難出口物品あり,ひぶ,ひなんでぐちぶっぴんあり
避難扉開閉不良,ひか,ひなんとびらかいへいふりょう
避難扉に施錠あり,ひせ,ひなんとびらにせじょうあり
避難扉に施錠あり避難経路に物品あり,ひせ,ひなんとびらにせじょうありひなんけいろにぶっぴんあり
避難扉前物品あり,ひぶ,ひなんとびらまえぶっぴんあり
樋破損,とは,といはそん
樋腐食欠損,とふ,といふしょくけっそん
避雷針架台爆裂,ひば,ひらいしんかだいばくれつ
フード錆,ふさ,ふーどさび
プールサイド床ひび割れ,ぷひ,ぷーるさいどとこひびわれ
プール擁壁欠損亀裂,ぷけ,ぷーるようへきけっそんきれつ
フェンス傾き,ふか,ふぇんすかたむき
フェンス壁亀裂,ふき,ふぇんすかべきれつ
フェンス基礎浮き欠損,ふう,ふぇんすきそうきけっそん
フェンス基礎亀裂,ふき,ふぇんすきそきれつ
フェンス基礎欠損,ふけ,ふぇんすきそけっそん
フェンス基礎露筋,ふろ,ふぇんすきそろきん
フェンス基礎のコンクリート欠損,ふけ,ふぇんすきそのこんくりーとけっそん
フェンス基礎爆裂,ふば,ふぇんすきそばくれつ
フェンス基礎爆裂土間コンクリート浮き,ふば,ふぇんすきそばくれつどまこんくりーとうき
フェンス基礎ひび割れ,ふひ,ふぇんすきそひびわれ
フェンス基礎ひび割れ欠損,ふひ,ふぇんすきそひびわれけっそん
フェンス基礎ひび割れ白華,ふひ,ふぇんすきそひびわれはっか
フェンスぐらつき,ふぐ,ふぇんすぐらつき
フェンス傾斜,ふけ,ふぇんすけいしゃ
フェンス欠損,ふけ,ふぇんすけっそん
フェンス錆,ふさ,ふぇんすさび
フェンス錆欠損,ふさ,ふぇんすさびけっそん
フェンス支柱腐食,ふふ,ふぇんすしちゅうふしょく
フェンス忍び返し破損,ふは,ふぇんすしのびかえしはそん
フェンス高さ不足,ふた,ふぇんすたかさふそく
フェンス破損,ふは,ふぇんすはそん
フェンス腐食,ふふ,ふぇんすふしょく
フェンス腐食破損,ふふ,ふぇんすふしょくはそん
フェンス変形,ふへ,ふぇんすへんけい
フェンス変形錆,ふへ,ふぇんすへんけいさび
物品放置,ぶほ,ぶっぴんほうち
踏み石欠損,ふけ,ふみいしけっそん
踏段爆裂,ふば,ふみだんばくれつ
踏段ひび割れ,ふひ,ふみだんひびわれ
踏面亀裂,ふき,ふみづらきれつ
踏面欠損,ふけ,ふみづらけっそん
踏面露筋,ふろ,ふみづらろきん
踏面破損,ふは,ふみづらはそん
踏面ひび割れ,ふひ,ふみづらひびわれ
踏面モルタル欠損,ふけ,ふみづらもるたるけっそん
ブラインド破損,ぶは,ぶらいんどはそん
フローリングたわみ,ふた,ふろーりんぐたわみ
ベースプレート錆鉄骨基礎欠損,べさ,べーすぷれーとさびてっこつきそけっそん
ベースプレート腐食,べふ,べーすぷれーとふしょく
ベースプレート腐食基礎破損,べふ,べーすぷれーとふしょくきそはそん
隔て板前棚の放置,へた,へだていたまえたなのほうち
ベランダ下端爆裂,べば,べらんだかたんばくれつ
ベランダ手摺錆,べて,べらんだてすりさび
ベランダ防水劣化,べれ,べらんだぼうすいれっか
便所使用不可,べし,べんじょしようふか
ベンチひび割れ,べひ,べんちひびわれ
ベンチひび割れ剥がれ,べひ,べんちひびわれはがれ
防火シャッター常時閉鎖,ぼへ,ぼうかしゃったーじょうじへいさ
防火シャッター操作盤開閉不良,ぼか,ぼうかしゃったーそうさばんかいへいふりょう
防火シャッターパッキン劣化,ぼぱ,ぼうかしゃったーぱっきんれっか
防火設備設置なし,ぼせ,ぼうかせつびせっちなし
防火扉全閉不能,ぼぜ,ぼうかとびらぜんぺいふのう
防火扉閉鎖力超過,ぼへ,ぼうかとびらへいさちからちょうか(きぞんふてきかく)
防球ネット錆,ぼさ,ぼうきゅうねっとさび
防球ネット破れ,ぼや,ぼうきゅうねっとやぶれ
防水層浮き,ぼう,ぼうすいそううき
防水層下コンクリート浮き,ぼう,ぼうすいそうしたこんくりーとうき
防水層下爆裂,ぼば,ぼうすいそうしたばくれつ
防水層塗膜剥がれ,ぼと,ぼうすいそうとまくはがれ
防水層剥がれ,ぼは,ぼうすいそうはがれ
防水層破損,ぼは,ぼうすいそうはそん
防水層破断,ぼは,ぼうすいそうはだん
防水層白華,ぼは,ぼうすいそうはっか
防水層ひび割れ,ぼひ,ぼうすいそうひびわれ
防水層ひび割れ浮き,ぼひ,ぼうすいそうひびわれうき
防水層ひび割れ剥がれ,ぼひ,ぼうすいそうひびわれはがれ
防水層表面劣化,ぼひ,ぼうすいそうひょうめんれっか
防水層膨れ,ぼふ,ぼうすいそうふくれ
防水層水溜り,ぼみ,ぼうすいそうみずたまり
防水層破れ,ぼや,ぼうすいそうやぶれ
防水層劣化,ぼれ,ぼうすいそうれっか
防水剥がれ,ぼは,ぼうすいはがれ
防水目地剥がれ,ぼめ,ぼうすいめじはがれ
防水劣化,ぼれ,ぼうすいれっか
膨張タンク架台錆,ぼさ,ぼうちょうたんくかだいさび
ポール腐食,ぽふ,ぽーるふしょく
保護コンクリート表面劣化,ほひ,ほごこんくりーとひょうめんれっか
保護モルタルひび割れ,ほひ,ほごもるたるひびわれ
保護モルタルひび割れ目地浮き,ほひ,ほごもるたるひびわれめじうき
補修跡鉄筋錆,ほさ,ほしゅうあとてっきんさび
補修跡爆裂,ほば,ほしゅうあとばくれつ
補修跡ひび割れ浮き,ほひ,ほしゅうあとひびわれうき
舗装陥没,ほか,ほそうかんぼつ
舗装仕上げ材剥がれ,ほし,ほそうしあげざいはがれ
舗装土砂削れ,ほど,ほそうどしゃけずれ
舗装剥がれ,ほは,ほそうはがれ
舗装ひび割れ,ほひ,ほそうひびわれ
舗装ひび割れ植生,ほひ,ほそうひびわれしょくせい
舗装ひび割れ不陸,ほひ,ほそうひびわれふりく
舗装不陸,ほふ,ほそうふりく
歩道雑草繁殖,ほざ,ほどうざっそうはんしょく
歩道爆裂,ほば,ほどうばくれつ
ボルト錆,ぼさ,ぼるとさび
ポンプ室外壁浮き,ぽが,ぽんぷしつがいかべうき
ポンプ室外壁ひび割れ,ぽが,ぽんぷしつがいかべひびわれ
ポンプ室外壁ひび割れ錆汁,ぽが,ぽんぷしつがいかべひびわれさびじる
ポンプ室外壁ひび割れ白華多数,ぽが,ぽんぷしつがいかべひびわれはっかたすう
ポンプ室巾木爆裂,ぽは,ぽんぷしつはばきばくれつ
ポンプ室庇欠損,ぽひ,ぽんぷしつひさしけっそん
ポンプ室庇ひび割れ,ぽひ,ぽんぷしつひさしひびわれ
ポンプ室補修跡浮き,ぽほ,ぽんぷしつほしゅうあとうき
ポンプ室窓枠爆裂,ぽば,ぽんぷしつまどわくばくれつ
ポンプ室モルタルひび割れ,ぽひ,ぽんぷしつもるたるひびわれ
ポンプ室上裏浮き白華,ぽう,ぽんぷむろかみうらうきはっか
ポンプ室上裏補修跡爆裂,ぽほ,ぽんぷむろかみうらほしゅうあとばくれつ
窓金具不良,まふ,まどかなぐふりょう
窓ガラスなし,まな,まどがらすなし
窓ガラス破損,まは,まどがらすはそん
窓ガラスひび割れ,まひ,まどがらすひびわれ
窓ガラス付近に棚設置,また,まどがらすふきんにたなせっち
窓ガラス前に棚あり,また,まどがらすまえにたなあり
窓ガラス前物品あり,まぶ,まどがらすまえぶっぴんあり
窓ガラス割れ,まわ,まどがらすわれ
窓近辺に物品あり,まぶ,まどきんぺんにぶっぴんあり
窓シーリング劣化,まし,まどしーりんぐれっか
窓フレーム変形,まへ,まどふれーむへんけい
窓枠腐食,まふ,まどわくふしょく
丸環錆,まさ,まるかんさび
丸窓周辺漏水跡,まろ,まるまどしゅうへんろうすいあと
マンホール欠損,まけ,まんほーるけっそん
水切り顎部浮き,みう,みずきりあごぶうき
水切り顎部ひび割れ浮き,みひ,みずきりあごぶひびわれうき
水切り顎部劣化,みれ,みずきりあごぶれっか
水切り爆裂,みば,みずきりばくれつ
水切りひび割れ,みひ,みずきりひびわれ
水切りひび割れ浮き,みひ,みずきりひびわれうき
水溜り,みず,みずたまり
目洗い場欠損,めけ,めあらいばけっそん
目洗い場爆裂,めば,めあらいばばくれつ
目地ひび割れ,めひ,めじひびわれ
目地劣化,めれ,めじれっか
面格子錆,めさ,めんこうしさび
面台外壁爆裂,めば,めんだいがいへきばくれつ
面台外壁ひび割れ,めひ,めんだいがいへきひびわれ
面台浮き,めう,めんだいうき
面台浮き外壁ひび割れ,めう,めんだいうきがいへきひびわれ
面台欠損,めけ,めんだいけっそん
面台タイル浮き,めた,めんだいたいるうき
面台破損,めは,めんだいはそん
面台ひび割れ,めひ,めんだいひびわれ
面台ひび割れ浮き,めひ,めんだいひびわれうき
面台ひび割れ欠損,めひ,めんだいひびわれけっそん
面台補修跡欠損,めほ,めんだいほしゅうあとけっそん
木製建具腐食,もふ,もくせいたてぐふしょく
木製建具枠劣化,もれ,もくせいたてぐわくれっか
木部腐食,もふ,もくぶふしょく
物置上裏漏水,もろ,ものおきあげうらろうすい
物干し金物錆,もさ,ものほしかなものさび
モルタル欠損,もけ,もるたるけっそん
モルタル床ひび割れ,もひ,もるたるとこひびわれ
モルタルひび割れ,もひ,もるたるひびわれ
門柱タイル浮き,もた,もんちゅうたいるうき
門柱タイル欠損,もた,もんちゅうたいるけっそん
門柱タイルひび割れ浮き,もた,もんちゅうたいるひびわれうき
門柱爆裂,もば,もんちゅうばくれつ
門柱ひび割れ白華,もひ,もんちゅうひびわれはっか
門柱モルタル浮き,もう,もんちゅうもるたるうき
門扉錆,もさ,もんぴさび
門扉錆破損,もさ,もんぴさびはそん
門扉錆腐食,もさ,もんぴさびふしょく
門扉腐食,もふ,もんぴふしょく
門変形,もへ,もんへんけい
薬品棚未固定,やみ,やくひんたなひつじこてい
屋根格子腐食,やふ,やねこうしふしょく
屋根材剥がれ,やは,やねざいはがれ
屋根錆,やさ,やねさび
屋根塗装劣化,やと,やねとそうれっか
屋根破損,やは,やねはそん
屋根鼻先爆裂,やば,やねはなさきばくれつ
屋根庇腐食,やふ,やねひさしふしょく
屋根葺材錆,やさ,やねふきざいさび
屋根腐食,やふ,やねふしょく
屋根腐食欠損,やふ,やねふしょくけっそん
屋根不燃材未使用,やふ,やねふねんざいみしよう
屋根変形,やへ,やねへんけい
屋根変形破損,やへ,やねへんけいはそん
有刺鉄線欠落,ゆけ,ゆうしてっせんけつらく
床材たわみ,ゆた,ゆかざいたわみ
床下換気口カバー破損,ゆか,ゆかしたかんきくちかばーはそん
床下換気口の格子破損,ゆこ,ゆかしたかんきくちのこうしはそん
床下換気口塞ぎ,ゆふ,ゆかしたかんきくちふさぎ
床下鉄骨腐食,ゆふ,ゆかしたてっこつふしょく
床下点検口錆,ゆさ,ゆかしたてんけんくちさび
床下点検口破損,ゆは,ゆかしたてんけんくちはそん
擁壁傾き欠損,よか,ようへきかたむきけっそん
擁壁亀裂,よき,ようへききれつ
擁壁亀裂欠損,よき,ようへききれつけっそん
擁壁亀裂白華,よき,ようへききれつはっか
擁壁亀裂水抜き穴なし,よき,ようへききれつみずぬききあななし
擁壁欠損,よけ,ようへきけっそん
擁壁隙間,よす,ようへきすきま
擁壁ずれ,よず,ようへきずれ
擁壁せり出し,よせ,ようへきせりだし
擁壁倒れ,よた,ようへきたおれ
擁壁露筋,よろ,ようへきろきん
擁壁天端破損,よは,ようへきてんばはそん
擁壁に樹木,よじ,ようへきにじゅもく
擁壁爆裂,よば,ようへきばくれつ
擁壁破損,よは,ようへきはそん
擁壁白華,よは,ようへきはっか
擁壁ひび割れ,よひ,ようへきひびわれ
擁壁ひび割れ錆汁,よひ,ようへきひびわれさびじる
擁壁ひび割れ白華,よひ,ようへきひびわれはっか
擁壁補修跡爆裂,よほ,ようへきほしゅうあとばくれつ
擁壁水抜き穴なし,よみ,ようへきみずぬききあななし
擁壁モルタル浮き,よう,ようへきもるたるうき
予備電源装置なし危害防止装置不作動,よび,よびでんげんそうちなしきがいぼうしそうちふさくどう(きぞんふてきかく)
ラッキング破損,らは,らっきんぐはそん
レンガ塀亀裂,れき,れんがへいきれつ
ワイヤー錆,わさ,わいやーさび
渡り廊下支柱基礎モルタル破損,わは,わたりろうかしちゅうきそもるたるはそん
渡り廊下支柱ベースプレート腐食,わふ,わたりろうかしちゅうべーすぷれーとふしょく
渡り廊下地盤沈下,わち,わたりろうかじばんちんか
渡り廊下鉄骨錆,わさ,わたりろうかてっこつさび
渡り廊下屋根塗膜剥がれ錆,わと,わたりろうかやねとまくはがれさび
渡り廊下屋根腐食,わふ,わたりろうかやねふしょく
